"Player","FG","FGA","3P","3PA","FT","FTA","TRB","AST","STL","BLK","TOV","PF","FG%","3P%","FT%"
,,,,,,,,,,,,,,,
"Álex Abrines",10.1,2.6,7.2,1.2,1.4,0.7,1.4,1.1,0.4,1,3.5,11.7,0.358,0.853,
"Quincy Acy",9.8,2.2,6.7,1.7,2.2,1.1,1.9,0.8,0.8,1.6,4.2,11.3,0.338,0.777,
"Jaylen Adams",10.3,2,5.8,1.2,1.5,1.1,5.1,1.2,0.5,2.2,3.5,11.4,0.351,0.778,
"Steven Adams",10.7,0.1,0.2,2.1,4,5.2,1.6,1.5,1.1,1.9,2.9,15.1,0.315,0.539,
"Bam Adebayo",9.4,0.1,0.5,3.2,4.4,3.1,3.4,1.2,1.2,2.1,3.6,13.9,0.28,0.742,
"Deng Adel",9.7,1.4,4.5,1.7,2,1,2.2,0.6,0.8,1.5,2.7,11.1,0.317,0.821,
"DeVaughn Akoon-Purcell",13.6,1.5,5,2.5,3.4,1.6,4.4,1.4,0.7,2.2,3.5,16.1,0.304,0.74,
"LaMarcus Aldridge",17.8,0.3,1,4.5,5.3,3.2,2.4,0.6,1.3,1.8,2.4,22.8,0.291,0.836,
"Rawle Alkins",12.6,1.4,4.2,2.6,3.5,2.3,3.9,0.8,0.4,2.2,2.6,14.6,0.329,0.733,
"Grayson Allen",14.8,2.5,7.4,3.6,4.7,0.6,2.6,0.7,0.6,2.6,3.7,18.1,0.336,0.759,
,,,,,,,,,,,,,,,
,,,,,,,,,,,,,,,
"Jarrett Allen",10,0.2,0.9,3.3,4.5,3.4,1.9,0.8,2.1,1.8,3.2,15.4,0.23,0.736,
"Kadeem Allen",12.1,1.4,3.6,3.3,4.2,1,5.6,1.3,0.5,2.3,3.8,15.6,0.393,0.776,
"Al-Farouq Aminu",9.7,1.7,4.8,2,2.4,1.7,1.7,1.2,0.6,1.3,2.3,11.8,0.35,0.825,
"Justin Anderson",12.9,1.9,6,2.3,3,1.8,2.1,1.4,0.8,1.7,3.5,15.2,0.323,0.76,
"Kyle Anderson",8.2,0.4,1.2,1.5,2.2,1.4,3.6,1.7,1,1.7,2.7,10.5,0.319,0.673,
"Ryan Anderson",10.5,2.4,6.6,1.7,2.2,1.9,1.6,0.6,0.4,1.1,2.7,12.8,0.366,0.787,
"Ike Anigbogu",12.9,1.5,3.9,2.8,3.6,2,3.4,1.1,1.2,2.2,2.7,15.9,0.372,0.787,
"Giannis Antetokounmpo",18.3,0.7,2.6,6.9,9.3,2.2,5.8,1.4,1.6,3.5,3.3,28.1,0.28,0.746,
"Kostas Antetokounmpo",13,1.6,4.4,2.9,4.1,1.5,3.5,1.5,0.7,2.1,2.9,16.3,0.366,0.723,
"Carmelo Anthony",16.8,2.3,6.6,2.5,3.3,1,1.8,0.7,0.7,1.6,3,18.5,0.346,0.773,
,,,,,,,,,,,,,,,
,,,,,,,,,,,,,,,
"OG Anunoby",10.1,1.8,5.1,1.1,1.7,1.4,1.5,1.3,0.5,1.4,3.4,12.5,0.356,0.634,
"Ryan Arcidiacono",7.9,1.5,4,1.7,1.9,0.6,4.8,1.2,0.1,1.2,3,10.3,0.372,0.86,
"Trevor Ariza",11,2.3,6.8,1.7,2.1,0.7,3,1.5,0.3,1.4,2.1,12.8,0.341,0.794,
"D.J. Augustin",11,2.1,5.2,3,3.5,0.7,6.2,0.9,0.1,2.2,2,15.1,0.407,0.856,
"Deandre Ayton",14.3,0.1,0.4,2.4,3.2,3.6,2.2,1,1.1,2,3.3,19.5,0.309,0.758,
"Dwayne Bacon",11.6,1.5,3.6,1.6,2.1,0.5,2.4,0.7,0.3,1.1,3,13.7,0.401,0.76,
"Marvin Bagley",15.9,0.8,2.4,4.1,5.8,3.6,1.7,0.8,1.3,2.2,2.7,21.4,0.334,0.709,
"Ron Baker",8,1,3.5,1.8,2.3,0.7,4,1.7,0.5,1.8,3.3,8.9,0.278,0.761,
"Wade Baldwin",12,1.2,3.5,2.8,3.7,1.1,4.1,1,0.7,3.1,3.6,14.1,0.341,0.753,
"Lonzo Ball",11.5,1.9,5.7,0.7,1.4,1.4,6.8,1.8,0.7,2.6,2.6,12,0.332,0.496,
,,,,,,,,,,,,,,,
,,,,,,,,,,,,,,,
"Mohamed Bamba",11.7,1.1,3.5,2,3.1,2.8,2.2,0.7,2.7,2,4.4,14.6,0.325,0.636,
"J.J. Barea",16.5,2.1,6.5,2.2,3,0.6,9.2,0.9,0.1,3.2,2.2,18.3,0.332,0.741,
"Harrison Barnes",15.3,2,5.3,3.3,4,1,1.8,0.7,0.2,1.5,1.6,18.7,0.384,0.828,
"Will Barton",13.8,2,5.6,2.2,2.8,1,4.1,0.9,0.7,2,2.4,16.1,0.357,0.784,
"Keita Bates-Diop",10.9,1.1,4,1.6,2.4,1.3,1.9,1.3,1,1.3,2.3,12.4,0.288,0.694,
"Nicolas Batum",10.1,1.7,4.8,1.7,2,1,4.7,1.1,0.6,2.1,1.9,12.1,0.364,0.845,
"Jerryd Bayless",11.9,1.8,5.4,1.3,1.9,0.7,4.5,1,0.2,1.9,3.2,12.2,0.328,0.696,
"Aron Baynes",10.4,0.6,1.7,2,2.5,3.3,2.3,0.6,1.3,1.9,5,12.2,0.32,0.811,
"Kent Bazemore",14.4,2,6,2.8,3.8,0.8,3.7,1.9,0.9,2.7,3.4,16.6,0.342,0.747,
"Bradley Beal",18.5,2.5,6.8,4,5,1,4.9,1.3,0.6,2.6,2.4,24,0.366,0.807,
,,,,,,,,,,,,,,,
,,,,,,,,,,,,,,,
"Malik Beasley",13.7,2.9,7.2,1.2,1.5,0.8,2,1.1,0.3,1.2,2.2,17.2,0.404,0.811,
"Michael Beasley",17.3,0.8,2.2,2.9,3.8,1.9,2.8,0.9,1,3,3.7,20.9,0.343,0.756,
"Marco Belinelli",13.7,2.7,7.3,2.4,2.7,0.4,2.7,0.9,0.2,1.6,2.2,16.7,0.368,0.893,
"Jordan Bell",9.2,0.2,0.7,1.4,2.1,2.5,3.9,1.1,2.2,2,3.7,11.5,0.306,0.667,
"DeAndre' Bembry",11.4,1,3.2,1.7,2.6,1,3.8,1.9,0.8,2.6,3.4,12.9,0.303,0.647,
"Dragan Bender",8.9,1.6,5,1.1,1.7,1.1,2.5,0.6,1,1.8,3.3,10.3,0.321,0.673,
"Dairis Bertāns",11.7,1.9,6.1,1.3,1.7,1,2.9,0.7,0.4,1.3,2.3,11.9,0.316,0.765,
"Dāvis Bertāns",10.7,3.1,7.5,1.3,1.5,0.6,2.4,0.8,0.8,1.1,3,14,0.413,0.848,
"Patrick Beverley",8.8,1.9,4.9,1.6,2.1,1.4,4.8,1.2,0.7,1.6,4.3,10.8,0.39,0.779,
"Khem Birch",9,0.3,0.7,3,4.2,4,2.4,1,1.4,1.3,3.7,13.3,0.343,0.706,
,,,,,,,,,,,,,,,
,,,,,,,,,,,,,,,
"Bismack Biyombo",8.1,0.1,0.4,2.6,4,3.4,1.7,0.6,1.9,1.8,4.1,11.3,0.349,0.634,
"Nemanja Bjelica",11.4,2,5.1,1.4,1.8,2.1,2.8,1.1,0.9,1.6,3.9,14,0.393,0.765,
"Antonio Blakeney",16.5,1.6,4.3,2.5,3.5,0.5,2.2,0.7,0.4,1.5,2,18.1,0.378,0.701,
"Eric Bledsoe",15.4,1.9,5.7,3.4,4.4,1.1,6.3,1.9,0.5,2.9,2.6,19.9,0.334,0.779,
"Jaron Blossomgame",10,1.1,3.6,1.3,1.7,2,1.8,0.7,0.7,1.2,2,11.4,0.296,0.77,
"Bogdan Bogdanović",14.7,2.3,6.3,2.2,2.7,0.7,4.7,1.3,0.3,2.1,2.7,17.2,0.371,0.828,
"Bojan Bogdanović",14,2.3,5.6,3.2,3.9,0.5,2.1,0.9,0.1,1.8,2,19,0.409,0.825,
"Andrew Bogut",8.7,0.5,1.5,1.2,1.5,2.9,3,0.9,1.5,2.5,5.1,10.2,0.35,0.765,
"Jonah Bolden",10,1.9,5.3,1.1,1.9,2.5,2.6,1,1.9,2,5,12.9,0.362,0.596,
"Isaac Bonga",11.8,1,3.7,2.7,3.9,2.1,4.1,1.9,1,1.9,2.8,12.4,0.273,0.699,
,,,,,,,,,,,,,,,
,,,,,,,,,,,,,,,
"Devin Booker",19.7,2.3,6.5,5.9,6.8,0.6,6,0.9,0.3,3.8,3.1,26.5,0.355,0.868,
"Chris Boucher",15,2.2,6.5,2.8,3.4,2.5,2.1,1.2,3,1.8,4.9,18.6,0.335,0.816,
"Avery Bradley",12.9,1.7,4.8,1.1,1.4,0.8,2.7,1,0.3,1.9,2.9,13.7,0.359,0.802,
"Tony Bradley",13.6,1.3,3.6,2.4,3.1,3.1,3.1,1.2,0.9,2.1,3.4,16.4,0.36,0.759,
"Corey Brewer",9.7,1,3.4,2,2.8,1.4,2.5,2.1,0.5,1.5,4.2,11.5,0.293,0.725,
"Mikal Bridges",8.7,1.6,4.6,1.5,1.9,0.9,2.7,1.9,0.6,1.1,2.9,10.8,0.345,0.806,
"Miles Bridges",11,1.4,4.3,1.4,1.8,1.5,2.2,1.2,1,1.1,2.4,13.4,0.34,0.765,
"Isaiah Briscoe",9.9,1,2.8,1.4,2.1,0.6,5.3,0.8,0.3,2,3.9,10.8,0.345,0.657,
"Ryan Broekhoff",10.9,2.7,6.7,1.6,2,0.9,2.3,0.7,0.4,1.5,2.9,14.1,0.397,0.778,
"Malcolm Brogdon",13.8,1.8,4.5,2.5,2.7,1.1,4.2,1,0.3,1.8,2.4,18,0.414,0.904,
,,,,,,,,,,,,,,,
,,,,,,,,,,,,,,,
"Dillon Brooks",12.2,1.5,4.1,2.1,2.8,0.9,2.2,1.1,0.3,1.9,3.8,14.4,0.368,0.752,
"MarShon Brooks",15.6,1.8,5.1,2.5,3.3,1.3,3,1.1,0.5,2.2,2.8,18.5,0.349,0.746,
"Bruce Brown",8.3,0.7,2.5,1.3,1.7,1.3,2.5,1,0.9,1.2,4.2,9,0.285,0.76,
"Jaylen Brown",14.1,1.9,5,2.5,3.8,1.2,2,1.2,0.6,1.9,3.3,17.8,0.37,0.669,
"Lorenzo Brown",12,1.2,4.5,1.3,1.6,1,4.1,1.6,0.7,2.2,3.2,11.8,0.263,0.813,
"Sterling Brown",10.8,1.8,4.8,1.2,1.6,1.1,2.6,1.1,0.4,1.5,3.2,12.8,0.365,0.744,
"Troy Brown",11.8,1.2,3.6,1.8,2.6,1.7,4,1.1,0.3,1.5,2.7,13.5,0.341,0.716,
"Jalen Brunson",12.8,1.5,4.1,2.1,2.8,0.7,5.2,0.9,0.2,2,2.8,15.8,0.358,0.738,
"Thomas Bryant",12.2,0.9,2.6,2.6,3.4,2.6,2.4,0.7,1.6,1.5,3,18.4,0.338,0.782,
"Reggie Bullock",11.4,2.7,6.8,1.3,1.5,0.5,2.4,0.9,0.3,1.2,1.9,14,0.393,0.834,
,,,,,,,,,,,,,,,
,,,,,,,,,,,,,,,
"Trey Burke",16.8,1.8,4.9,2.8,3.5,0.9,5.6,1,0.3,1.8,2,19.8,0.361,0.794,
"Alec Burks",12.9,1.6,4.5,3.2,3.8,0.8,3,1.1,0.5,1.8,2.5,15.4,0.353,0.826,
"Deonte Burton",12.7,1.4,4.3,1.8,2.5,1,2.3,1,1,1.6,4,14.2,0.327,0.727,
"Jimmy Butler",15.1,1.1,3.3,5.5,6.5,1.7,4.5,1.9,0.5,1.7,1.7,20.6,0.349,0.853,
"Bruno Caboclo",10.7,2.1,5.6,2,2.4,1.9,2.5,0.8,1.4,1.7,3.5,13.3,0.364,0.829,
"José Calderón",7.9,1.2,3.7,0.9,1.2,0.7,5.4,1,0.2,2,3.4,8.9,0.336,0.791,
"Kentavious Caldwell-Pope",12.8,2.5,6.9,2.4,2.8,0.9,2.3,1.4,0.2,1.3,2.3,15.9,0.362,0.835,
"Isaiah Canaan",10.5,1.8,5.4,1.9,2.3,0.6,4.7,1,0.2,2,2.9,12.1,0.342,0.834,
"Clint Capela",12,0.1,0.2,2.6,4.3,4.5,1.6,0.8,1.8,1.6,2.9,18.1,0.356,0.616,
"DeMarre Carroll",12.3,2.2,6.4,3.3,4.4,1.5,2,0.9,0.4,1.6,2.6,15.4,0.348,0.758,
,,,,,,,,,,,,,,,
,,,,,,,,,,,,,,,
"Jevon Carter",11.9,2.1,6,1.9,2.3,1,4.2,1.5,0.7,2,3.3,12.2,0.345,0.803,
"Vince Carter",11.8,2.7,7.4,1.3,1.8,0.8,2.4,1.2,0.7,1.4,3.7,13.5,0.365,0.722,
"Wendell Carter",12.2,0.4,1.5,2.9,3.7,2.7,2.8,0.9,1.8,2,4.5,15.5,0.269,0.801,
"Michael Carter-Williams",11.4,0.9,3.2,3,4.1,1.6,5.4,1.8,1.1,2.2,4.2,12.4,0.272,0.716,
"Alex Caruso",10.7,1.4,3.4,2.7,3.5,1.3,4.9,1.5,0.6,2.6,3.4,13.8,0.416,0.78,
"Omri Casspi",10.9,0.9,2.5,2.4,3.5,1.3,2.3,1.2,0.7,1.7,2.9,14.8,0.362,0.695,
"Willie Cauley-Stein",12.6,0.1,0.3,2.4,4.1,2.7,3.1,1.5,1,1.6,3.5,16,0.346,0.591,
"Troy Caupain",13.7,2,4.9,2.4,3.2,1.6,4.2,1.3,0.7,1.9,2.8,17.4,0.4,0.771,
"Tyler Cavanaugh",11.3,1.9,5.4,1.7,2.2,2.5,2.4,0.8,0.4,1.4,3.6,13.7,0.354,0.804,
"Tyson Chandler",5.7,0.1,0.4,2.1,3.3,3.7,1.6,0.8,0.8,1.8,4,8.9,0.333,0.623,
,,,,,,,,,,,,,,,
,,,,,,,,,,,,,,,
"Wilson Chandler",10.1,1.6,4.5,1.2,1.6,1.5,2.5,0.7,0.6,1.5,3.1,11.6,0.358,0.746,
"Joe Chealey",13.3,1.6,4.5,2.6,3.3,1.5,3.8,1.1,0.7,2,3.1,16.5,0.362,0.771,
"Chris Chiozza",12.5,1.8,4.9,2.2,2.9,1.5,3.8,1.1,0.8,1.9,2.9,15.2,0.371,0.772,
"Marquese Chriss",12.2,1.4,4.7,2.4,3.6,2.2,1.9,1.3,1.3,2.4,4.9,14.1,0.292,0.663,
"Gary Clark",9.4,2.2,7.1,0.9,1,1.4,1.6,1.1,1.3,0.7,2.7,10.1,0.31,0.843,
"Ian Clark",13.4,2,6.1,1.3,1.6,0.5,3.2,0.9,0.3,1.8,3.2,14.7,0.33,0.816,
"Jordan Clarkson",18.3,2.2,6.6,2.6,3.2,1.2,3.5,1,0.2,2.3,2,21.4,0.334,0.825,
"John Collins",14.6,0.9,2.5,3.6,4.7,4,2.4,0.6,1.1,2.2,3.9,21.1,0.359,0.76,
"Zach Collins",10.6,1.2,3.5,2.2,2.9,2.5,2,0.7,1.5,2,4.4,13.2,0.338,0.744,
"Darren Collison",11.4,1.4,3.4,2.5,3,0.6,6.9,1.7,0.2,1.9,2.3,14.7,0.419,0.841,
,,,,,,,,,,,,,,,
,,,,,,,,,,,,,,,
"Bonzie Colson",13.6,1.8,5.8,2.8,3.4,2.1,2.8,1.4,0.6,1.7,2.3,16,0.305,0.815,
"Mike Conley",16.8,2.4,6.5,5,6,0.6,6.5,1.4,0.3,2.1,2,22,0.362,0.839,
"Pat Connaughton",10,1.8,5.4,1,1.3,1.4,3.1,0.8,0.6,1.1,2.6,11.9,0.344,0.77,
"Quinn Cook",14.1,2.5,6.1,1,1.2,0.8,4.1,0.7,0.2,1.7,3,16.8,0.412,0.791,
"DeMarcus Cousins",17.9,1.7,5.2,5.7,7.6,2.1,5,1.6,1.6,4,4.2,24.2,0.331,0.749,
"Robert Covington",11.6,2.6,7.1,1.9,2.4,0.9,1.9,2,1.2,1.7,3.5,14.3,0.367,0.802,
"Allen Crabbe",12.4,3,7.7,1.7,2.1,0.5,1.8,0.8,0.5,1.4,3,14.6,0.385,0.802,
"Torrey Craig",8.9,1.4,4.3,1.3,1.9,2.1,1.8,0.9,1,1.2,4,10.6,0.322,0.698,
"Jamal Crawford",14.3,2,6.1,2.5,3,0.4,5.1,0.9,0.3,2.6,2.2,16,0.326,0.852,
"Mitch Creek",13,1.3,4,2.9,3.9,2.2,3.9,1.2,0.6,1.8,2.9,16.4,0.328,0.751,
,,,,,,,,,,,,,,,
,,,,,,,,,,,,,,,
"Jae Crowder",12.6,2.5,7.5,2.3,3.1,1,2.1,1.1,0.5,1.4,2.9,15.1,0.335,0.755,
"Dante Cunningham",7.7,1.3,3.4,0.7,1.1,1.7,1.6,1,0.6,0.9,2.7,9.1,0.388,0.684,
"Seth Curry",12.2,2.7,6.2,1.3,1.6,0.7,2.2,1,0.3,1.6,2.5,15.2,0.439,0.831,
"Stephen Curry",19.9,5,11.6,4.5,4.9,0.8,5.9,1.5,0.3,3.1,2.6,28.2,0.427,0.91,
"Troy Daniels",13.1,3.6,9.4,1.2,1.5,0.6,1.4,0.9,0.2,1.3,3.3,15.6,0.39,0.818,
"Anthony Davis",19.5,0.8,2.5,6.5,8.1,2.9,3.3,1.6,2.5,2.2,2.4,27.8,0.337,0.809,
"Deyonta Davis",10.1,0.3,1,1.8,2.6,2.7,1.9,0.8,1.4,1.3,4.2,13.8,0.353,0.684,
"Ed Davis",7.7,0.1,0.3,2.3,3.6,4.8,1.5,0.8,1,1.6,5.2,11.4,0.313,0.636,
"Tyler Davis",13.4,1.7,4.7,2.7,3.5,1.8,3.7,1.2,0.8,2,3,16.9,0.366,0.775,
"Dewayne Dedmon",11.3,1.5,4,1.9,2.4,2.4,2.1,1.3,1.4,1.9,4.4,14.8,0.373,0.792,
,,,,,,,,,,,,,,,
,,,,,,,,,,,,,,,
"Sam Dekker",11.4,0.9,3.2,1.4,2.2,2.2,2.1,1.4,0.4,1.2,2.4,13.3,0.293,0.647,
"Ángel Delgado",13.2,1.6,4.4,2.6,3.6,1.8,3.4,1.3,0.7,1.9,3.2,16,0.361,0.741,
"Matthew Dellavedova",10.1,1.7,4.9,1.7,2.1,0.5,7.1,0.8,0.1,2.7,3.2,11.5,0.35,0.825,
"Luol Deng",11.1,1.3,4.1,2,2.7,1.6,2.1,1.3,0.6,1.4,2.2,13.3,0.318,0.727,
"DeMar DeRozan",18.1,0.5,1.8,5.4,6.5,0.8,5.8,1.1,0.4,2.5,2.2,22.9,0.278,0.828,
"Marcus Derrickson",14.5,2.8,6.5,2.5,3.3,2.4,2.8,0.8,0.7,1.9,3.5,19.3,0.434,0.781,
"Cheick Diallo",11.3,0.2,0.7,2.4,3.1,2.9,1.6,1.1,1.3,1.9,4.4,16,0.35,0.759,
"Hamidou Diallo",11.7,0.6,2.4,2.6,3.9,2.4,1.8,1.4,0.7,1.7,4.6,14.3,0.268,0.656,
"Gorgui Dieng",11.6,0.6,1.8,2.5,3.1,2.7,2.3,1.4,1.2,1.8,4.1,14.5,0.336,0.807,
"Spencer Dinwiddie",14.1,2.2,6.5,4.5,5.6,0.6,6.5,0.9,0.4,2.4,3.2,18.8,0.337,0.809,
,,,,,,,,,,,,,,,
,,,,,,,,,,,,,,,
"Donte DiVincenzo",11.5,1.9,6.5,1.3,1.8,1.5,3,1.2,0.6,1.8,3.2,13.2,0.292,0.766,
"Luka Dončić",18,2.6,7.7,5.4,7.4,1.4,6.7,1.2,0.4,3.6,2.1,24,0.342,0.728,
"Tyler Dorsey",13.7,2.4,6.7,2,2.9,1.2,3,0.8,0.2,1.4,2.6,15.6,0.356,0.678,
"Damyean Dotson",12.5,2.2,5.9,1.4,1.9,0.7,2.5,1,0.2,1.3,2.5,14.3,0.37,0.746,
"PJ Dozier",13.7,1.6,4.9,2.2,3,2.2,3.7,1.2,0.6,1.6,2.7,16.2,0.336,0.744,
"Goran Dragić",15.9,1.8,5,3.2,4.1,0.8,5.7,1.1,0.2,2.6,2.9,18.9,0.36,0.788,
"Andre Drummond",13.6,0.1,0.5,3.2,5.4,5.5,2.1,1.8,1.8,2.4,3.6,17.8,0.2,0.585,
"Jared Dudley",7.7,1.6,4.5,1.2,1.6,0.9,2.9,1.1,0.5,1.5,4,9.3,0.352,0.714,
"Kris Dunn",13.5,1,2.8,1.6,2.2,0.6,6.9,2,0.6,2.9,4.2,14.2,0.344,0.763,
"Kevin Durant",18.3,2,5.5,5.7,6.5,0.5,5.8,0.8,1.3,3,2.1,26.6,0.372,0.882,
,,,,,,,,,,,,,,,
,,,,,,,,,,,,,,,
"Trevon Duval",13.4,1.9,4.8,2.6,3.4,1.5,4.1,1.1,0.7,2,2.9,17.5,0.396,0.776,
"Vince Edwards",12.9,1.8,5.1,2.5,3.2,1.6,3.4,1.1,0.7,1.9,2.8,16,0.348,0.774,
"Henry Ellenson",14,2.2,5.5,2.6,3.3,1.1,2.6,0.9,0.3,1.7,3,16.4,0.391,0.789,
"Wayne Ellington",12.7,3.7,9.9,1.2,1.5,0.5,1.8,1.2,0.2,1.1,2.2,15.2,0.376,0.816,
"Joel Embiid",19.6,1.3,4.3,8,10,2.7,3.9,0.8,2.1,3.9,3.6,28.5,0.313,0.798,
"James Ennis",8.8,1.4,4.1,1.9,2.5,1.7,1.5,1.1,0.6,1.2,3.8,11.6,0.348,0.767,
"Drew Eubanks",11.3,1,2.8,3.1,3.8,1.7,3.2,1,1.1,2.2,3.2,15.5,0.366,0.809,
"Jacob Evans",11.1,1.2,3.6,1.2,1.7,1.3,4,1,0.6,2,4,11.6,0.33,0.731,
"Jawun Evans",11.6,0.9,2.9,1.8,2.3,0.7,4.5,1.6,0.4,2.1,4,11.6,0.303,0.78,
"Tyreke Evans",17.1,2.1,5.8,3.2,4.2,0.9,4.8,1.4,0.5,2.8,2.7,19.4,0.37,0.744,
,,,,,,,,,,,,,,,
,,,,,,,,,,,,,,,
"Dante Exum",12.6,1.1,3.6,3.2,4.1,1,5.3,0.8,0.4,2.6,3.6,15.5,0.31,0.795,
"Kenneth Faried",12.6,0.4,1.3,3.1,4.6,4.5,1.5,0.9,1.1,1.7,3.8,17.4,0.324,0.673,
"Derrick Favors",12.4,0.4,1.5,2.8,4.1,3.7,1.9,1.1,1.8,1.7,3.1,17.1,0.242,0.67,
"Cristiano Felício",8.8,0.2,0.6,2.3,3.3,3.4,2,0.7,0.4,1.7,3.5,12,0.293,0.686,
"Raymond Felton",13.3,1.8,5.3,1.2,1.4,0.7,4.7,1.2,0.5,1.8,2.6,13.8,0.336,0.815,
"Terrance Ferguson",8.3,2,5.4,0.8,1.1,0.7,1.5,0.9,0.4,0.9,4,10.2,0.373,0.758,
"Yogi Ferrell",11.8,2,5.3,1.8,2.1,0.5,4,1.1,0.2,1.4,2.4,14,0.373,0.843,
"Dorian Finney-Smith",9.6,1.5,4.6,1.3,1.9,2.3,1.9,1.2,0.6,1.4,3.3,11,0.314,0.723,
"Bryn Forbes",12.3,2.6,6.1,1.2,1.4,0.3,2.6,0.7,0.1,1.2,2.5,14.8,0.418,0.813,
"Evan Fournier",15.1,2.2,6.3,2.4,2.9,0.6,3.9,1,0.2,2.1,3,18,0.353,0.822,
,,,,,,,,,,,,,,,
,,,,,,,,,,,,,,,
"De'Aaron Fox",15,1.2,3.2,3.8,5.2,0.7,7.6,1.7,0.6,3,2.8,18.8,0.366,0.737,
"Melvin Frazier",14.1,1.4,4.8,2.3,3.4,1.8,3.1,1.1,0.6,1.8,3.4,16,0.287,0.672,
"Tim Frazier",8.7,1.1,3.2,1.5,1.9,1.1,7.7,1.2,0.2,2.4,3.6,10.1,0.347,0.762,
"Jimmer Fredette",14.1,1.2,5.5,2.8,3.4,1.3,3.9,1.3,0.5,2.3,3,15.3,0.222,0.829,
"Channing Frye",12.3,2.7,7.1,1.4,1.7,0.8,2,0.8,0.7,1.4,3.9,14.6,0.376,0.81,
"Markelle Fultz",13.5,0.6,1.8,2,3.2,2,5.3,1.5,0.5,2.1,3.8,14.4,0.337,0.615,
"Danilo Gallinari",14.8,2.5,6.2,5.9,6.5,0.9,2.9,0.8,0.4,1.7,2.2,21.8,0.41,0.9,
"Langston Galloway",12.6,2.8,7.8,1.6,2,0.9,2,0.9,0.2,0.7,2.6,14.2,0.356,0.826,
"Billy Garrett",13.9,1.2,4.7,2.6,3.1,1.1,3.8,1,0.7,1.8,2.7,16.3,0.265,0.817,
"Marc Gasol",14,1.5,4.3,3.3,4.2,1.1,4.8,1.1,1.3,2.5,3,16.9,0.351,0.789,
,,,,,,,,,,,,,,,
,,,,,,,,,,,,,,,
"Pau Gasol",12,0.9,2.3,2.9,4,2.3,4.4,0.5,1.4,2,2.6,14.7,0.388,0.728,
"Rudy Gay",14.8,1.4,3.7,2.6,3.3,1.5,3.2,1.1,0.8,2.3,3.1,18.4,0.374,0.801,
"Paul George",18.9,3.3,8.6,5.1,6,1.2,3.7,2,0.5,2.6,2.8,24.9,0.389,0.837,
"Taj Gibson",11,0.2,0.8,2.4,3.1,3,1.6,1,0.8,1.5,3.5,14.7,0.299,0.753,
"Harry Giles",14.9,0.3,1,2.6,3.9,2.7,3.8,1.4,1,2.9,5.8,18.2,0.292,0.669,
"Shai Gilgeous-Alexander",11.9,0.9,2.5,2.7,3.3,1,4.5,1.6,0.8,2.3,2.8,15.3,0.378,0.807,
"Rudy Gobert",9.6,0.1,0.2,4.4,6.7,4,2.1,0.9,2.6,1.9,3.2,17,0.346,0.651,
"Brandon Goodwin",13.6,1.6,4.5,3.5,4.4,1.3,5.1,0.9,0.6,2,3.4,16.3,0.358,0.793,
"Aaron Gordon",14.6,1.8,5.1,2.7,3.7,1.8,3.5,0.9,0.8,2.1,2.3,17.7,0.348,0.729,
"Eric Gordon",15.7,3.5,9.9,2.4,3,0.4,2.4,0.7,0.5,1.8,2.3,18.9,0.358,0.796,
,,,,,,,,,,,,,,,
,,,,,,,,,,,,,,,
"Marcin Gortat",9.6,0.1,0.3,1.8,2.6,3,2.6,0.6,1,2,3.5,11.9,0.341,0.689,
"Devonte' Graham",11.8,1.8,6.1,2,2.7,0.7,6,1.2,0.2,1.7,2.6,12.7,0.299,0.768,
"Treveon Graham",9.2,1.7,5,1.3,1.7,1.3,2,0.9,0.3,1,3.5,10.2,0.339,0.753,
"Jerami Grant",10.9,1.4,3.6,2.5,3.6,1.4,1.2,0.8,1.5,1,3,14.9,0.38,0.7,
"Jerian Grant",9.9,1.5,4.2,2,2.8,0.8,6.2,1.5,0.3,1.9,2.9,11.9,0.351,0.736,
"Donte Grantham",13.5,1.7,5.1,2.6,3.4,1.5,3.7,1.1,0.7,2,3,16.6,0.333,0.772,
"Danny Green",10.5,2.8,6.7,0.8,1,0.9,2.2,1.2,1.1,1.4,2.7,12.8,0.42,0.804,
"Draymond Green",8.6,1,3.4,1.6,2.2,1.1,7.7,1.6,1.3,3,3.2,10.2,0.297,0.73,
"Gerald Green",14.5,3.7,10.4,1.6,2,0.8,1.2,0.8,0.6,1.4,3.2,16.9,0.352,0.828,
"JaMychal Green",11.7,1.5,3.9,2.1,2.7,2.9,1.6,1,0.7,2,4.4,14.7,0.383,0.771,
,,,,,,,,,,,,,,,
,,,,,,,,,,,,,,,
"Jeff Green",12.1,1.6,4.8,3.3,3.8,1,2.3,0.8,0.6,1.7,2.8,16.1,0.331,0.873,
"Blake Griffin",18,2.3,6.3,5.3,7,1.4,5.5,0.8,0.4,3.2,2.7,24,0.356,0.759,
"Daniel Hamilton",11.8,1.6,4.4,1.4,2.1,1.6,4.1,1.1,0.4,2.5,3.2,13.3,0.362,0.699,
"Dusty Hannahs",13.7,1.5,5,2.7,3.4,1.3,4.1,1.2,0.6,2,2.9,16,0.293,0.796,
"Tim Hardaway",16.7,2.7,7.9,3.5,4.3,0.6,2.9,1,0.2,1.8,2.4,19.9,0.338,0.828,
"James Harden",22.1,4.2,11.5,9,10.4,0.8,8,1.8,0.7,4.8,2.9,32.7,0.364,0.868,
"Maurice Harkless",9.8,1.1,3.2,1.3,1.9,1.8,1.9,1.6,1.3,1.2,3.7,12,0.332,0.686,
"Montrezl Harrell",14.7,0.1,0.5,4.2,6.4,3,2.6,1.1,1.7,2.1,4.1,22.4,0.265,0.646,
"Devin Harris",12,2,6.3,3.4,4.4,0.5,4,1.2,0.5,2,4.3,14.8,0.319,0.786,
"Gary Harris",13.9,2.1,5.5,2.4,2.9,0.8,3,1.5,0.3,1.6,2.2,17.2,0.374,0.807,
,,,,,,,,,,,,,,,
,,,,,,,,,,,,,,,
"Joe Harris",11.7,2.8,6.2,1.7,2.1,0.9,2.7,0.7,0.3,1.8,2.9,15.9,0.449,0.819,
"Tobias Harris",15.8,2.1,5.2,3,3.5,0.9,2.8,0.8,0.5,1.7,2.3,20.3,0.398,0.854,
"Andrew Harrison",11,1.2,4,3.3,4.2,0.8,4.7,1.1,0.6,2.2,4.2,13.4,0.307,0.8,
"Shaquille Harrison",11,0.7,2.5,2.2,3.2,0.9,3.7,2.2,0.7,1.6,3.2,12.7,0.284,0.688,
"Josh Hart",9.8,1.9,5.4,1.4,2,0.9,2.1,1.3,0.7,1.2,2.9,11.9,0.359,0.707,
"Isaiah Hartenstein",9.5,0.9,2.6,2.2,2.8,2.7,3,1.2,1.5,2,6.4,12.4,0.364,0.784,
"Udonis Haslem",12.7,0.9,4.6,2,2.8,1.5,2.6,0.7,0.5,1.9,3.5,12.9,0.206,0.727,
"Gordon Hayward",13.1,1.6,4.6,3.3,4,1,4.4,1.2,0.4,2,2,17.1,0.347,0.832,
"John Henson",10.1,0.4,1.3,1.8,2.9,2.7,2.3,0.9,1.9,1.7,3.7,13,0.343,0.613,
"Juan Hernangómez",9,1.8,4.9,1.9,2.4,1.8,1.7,0.8,0.6,1.1,2.6,11.7,0.366,0.774,
,,,,,,,,,,,,,,,
,,,,,,,,,,,,,,,
"Willy Hernangómez",12.8,0.6,1.7,3.9,5.6,4.6,2.7,0.9,0.9,2.5,4.2,18.1,0.381,0.7,
"Mario Hezonja",13.5,1.6,5,2.3,2.9,0.9,2.6,1.7,0.5,2.3,3.1,15.5,0.315,0.785,
"Isaiah Hicks",11.7,1,2.8,2.5,3.3,1.6,3,0.8,1,2.1,4.6,14.4,0.341,0.746,
"Buddy Hield",17.7,3.5,8.2,2,2.3,1.3,2.8,1,0.4,2,2.7,21.6,0.426,0.876,
"Haywood Highsmith",12.4,1.6,4.7,2.2,3.1,1.3,3.4,1.1,0.6,1.8,2.6,15.2,0.335,0.69,
"Nenê Hilário",10.1,0.2,0.7,2.6,4.1,2.3,2.1,1.3,0.9,1.5,5.4,13.6,0.293,0.638,
"George Hill",10.9,1.5,4.3,2.2,2.8,1,3.8,1.3,0.4,1.6,2.8,13.6,0.356,0.801,
"Solomon Hill",8,1.3,4.2,1.3,1.7,1.3,2.5,1,0.5,1.4,3.2,8.8,0.322,0.745,
"Aaron Holiday",14.3,2.3,6.6,2.4,3,0.5,4.7,1.2,0.7,2.2,3.7,16.8,0.35,0.814,
"Jrue Holiday",16.3,1.7,5,2.7,3.5,1,7,1.6,0.8,2.9,2.3,19.9,0.331,0.768,
,,,,,,,,,,,,,,,
,,,,,,,,,,,,,,,
"Justin Holiday",11.4,2.3,6.5,1.6,1.9,0.6,2.2,1.5,0.5,1.5,2.3,12.7,0.35,0.853,
"John Holland",12.6,1.8,5.4,2.2,3,1.4,2.6,1.2,0.6,2,2.7,14.1,0.333,0.742,
"Rondae Hollis-Jefferson",13.5,0.3,1.5,3.9,5.4,2.1,3,1.3,0.8,2.1,3,16.3,0.24,0.723,
"Richaun Holmes",11.5,0.3,0.9,3.2,4.4,3.1,2.2,1.2,2,1.5,5.2,16.9,0.288,0.726,
"Rodney Hood",14,2,5.5,2.5,2.9,0.5,2.4,1.1,0.3,1.3,2.7,16.7,0.369,0.864,
"Al Horford",12.8,1.4,3.7,1.5,1.9,1.9,5.1,0.9,1.4,2,2.3,15.9,0.375,0.799,
"Danuel House",10.1,2.4,6.1,2.2,2.7,1,1.9,0.8,0.5,1.3,2.8,14,0.394,0.791,
"Dwight Howard",12.4,0.1,0.4,4.4,7.7,3.7,1.6,0.8,1.6,2.9,3.8,18.4,0.317,0.572,
"Kevin Huerter",11.6,2.4,6.1,0.9,1.2,1.1,3.9,1.2,0.5,1.9,2.7,13.4,0.397,0.751,
"Isaac Humphries",13.3,1.8,5.3,2,2.6,1.8,2.8,1,0.6,1.5,3.4,15.2,0.338,0.775,
,,,,,,,,,,,,,,,
,,,,,,,,,,,,,,,
"R.J. Hunter",13.9,2.2,6.3,2.3,3.1,1.3,3.5,1.3,0.6,1.8,3.4,17,0.345,0.754,
"Chandler Hutchison",9.2,0.8,2.4,1.2,1.8,1.3,1.8,1,0.3,1.2,2.4,10.6,0.312,0.661,
"Serge Ibaka",14.8,1.3,3.9,2.1,2.7,2.2,1.6,0.6,1.7,1.9,3.6,18.4,0.332,0.776,
"Andre Iguodala",7.4,1,3.2,1.1,1.8,1.1,4.7,1.3,1,1.3,2.2,9.2,0.32,0.625,
"Ersan İlyasova",12.3,1.8,5.2,2.1,2.6,2.4,1.9,1.1,0.5,1.6,4.2,14.7,0.356,0.793,
"Joe Ingles",10.7,2.6,6.5,1.2,1.6,0.5,5.9,1.3,0.3,2.5,2.6,13.4,0.404,0.731,
"Andre Ingram",12.6,1.7,4.8,2.2,2.8,1.4,3.3,1.3,0.8,2.1,2.6,14.4,0.347,0.784,
"Brandon Ingram",14,0.8,2.2,3.6,5.3,1,3.5,0.7,0.7,2.5,2.9,18.2,0.354,0.686,
"Kyrie Irving",19.9,2.8,7,3.8,4.3,1,6.7,1.5,0.5,2.7,2.6,26,0.404,0.879,
"Jonathan Isaac",11,1.5,4.6,2,2.5,1.7,1.6,1.2,1.8,1.4,2.6,13.2,0.338,0.812,
,,,,,,,,,,,,,,,
,,,,,,,,,,,,,,,
"Wesley Iwundu",8.4,0.8,2.3,2.2,2.7,1.2,2.3,1,0.6,1.3,3.3,10.1,0.339,0.799,
"Demetrius Jackson",12.3,1.5,4.4,2.5,3.1,1.7,3.9,1.4,0.6,2.3,3.1,15.6,0.337,0.789,
"Frank Jackson",13.7,1.7,5.1,1.8,2.4,0.9,2.4,0.8,0.2,1.5,2.8,15.8,0.331,0.754,
"Jaren Jackson",13.9,1.3,3.5,3.6,4.6,1.8,1.8,1.3,1.9,2.2,4.9,19.3,0.373,0.777,
"Josh Jackson",15.6,1.3,4,2.9,4.3,1.4,3,1.4,0.9,2.9,3.7,17.5,0.318,0.671,
"Justin Jackson",10.7,1.8,5.1,1.3,1.6,0.9,2.2,0.7,0.3,0.8,2.1,12.8,0.35,0.779,
"Reggie Jackson",16.5,2.4,6.6,3.2,3.7,0.8,5.7,0.9,0.2,2.5,3.1,19.5,0.359,0.854,
"LeBron James",19.1,1.9,5.4,4.7,6.9,1.1,8.3,1.3,0.7,3.9,1.8,26.4,0.345,0.684,
"Amile Jefferson",11.9,1.2,3.4,3,3.7,2,3.1,1.3,1,1.6,3.4,16,0.359,0.805,
"John Jenkins",12,2.2,5.8,2,2.5,0.9,2.8,0.4,0.4,1.3,1.7,14.3,0.373,0.805,
,,,,,,,,,,,,,,,
,,,,,,,,,,,,,,,
"Jonas Jerebko",10.5,1.9,5.2,1.7,2.2,1.9,2.4,0.8,0.5,1.2,4,13.2,0.373,0.79,
"Alize Johnson",12.1,1.4,3.7,2.6,3.8,1.8,2.9,1,1,1.5,3.3,14.3,0.377,0.686,
"Amir Johnson",9.5,0.7,2,1.8,2.7,3.1,3.7,1.2,1.1,2.2,5.7,12.3,0.326,0.69,
"B.J. Johnson",13.3,1.8,4.8,2.4,3,1.5,2.9,1.2,0.6,1.9,3,16.9,0.38,0.798,
"James Johnson",11.9,1.4,4.2,1.9,2.7,1,4.5,1.2,0.9,2.5,3.5,14.3,0.326,0.707,
"Stanley Johnson",11.8,1.6,5.3,1.8,2.3,0.9,2.6,1.8,0.4,2,3.2,12.7,0.3,0.777,
"Tyler Johnson",12.6,2,5.6,2.3,2.9,0.8,3.6,1.2,0.6,1.7,2.5,15,0.358,0.773,
"Wesley Johnson",9.3,1.5,4.7,1.1,1.5,0.9,1.7,1.4,1.2,1.3,3.8,9.8,0.325,0.725,
"Nikola Jokić",16.3,1.3,3.8,4,4.8,3.2,7.7,1.5,0.8,3.3,3.2,22.3,0.346,0.832,
"Damian Jones",8.5,0.4,1.2,2.2,3.2,2.4,2.6,1,1.8,1.6,4.8,12.8,0.364,0.676,
,,,,,,,,,,,,,,,
,,,,,,,,,,,,,,,
"Derrick Jones",10.1,0.9,2.9,2.4,3.7,2.9,1.5,1.3,1.3,1.3,3.7,13.4,0.316,0.643,
"Jalen Jones",12,1.7,4.8,2.8,4,1.9,2,1.3,0.5,1.6,4,14.9,0.367,0.713,
"Jemerrio Jones",11,1.2,3.7,1.6,2.1,2.7,3.5,1.4,1,1.7,2.8,12.2,0.314,0.743,
"Terrence Jones",13.6,0.9,3.1,2.8,4.3,1.7,2.4,1.1,1.2,1.7,2.4,16.2,0.297,0.651,
"Tyus Jones",9.7,1.1,3.1,1.6,1.9,0.6,6.9,2,0.2,1.3,2.1,11.2,0.341,0.844,
"DeAndre Jordan",8.3,0.1,0.2,3,4.7,4.1,2.3,0.7,1.2,2.4,3,13.6,0.345,0.634,
"Cory Joseph",10,1,3,0.9,1.2,0.7,5,1.5,0.4,1.5,2.3,10.4,0.336,0.738,
"Frank Kaminsky",14.1,2.2,5.9,3.2,4.1,1.3,2.9,0.7,0.5,1.6,2.5,17.8,0.365,0.769,
"Enes Kanter",14.8,0.2,0.8,3.4,4.3,5.3,2.4,0.7,0.7,2.5,3.6,20.2,0.297,0.803,
"Luke Kennard",12.5,2.4,6,1.5,1.8,0.5,3,0.8,0.3,1.5,2.3,15.2,0.407,0.839,
,,,,,,,,,,,,,,,
,,,,,,,,,,,,,,,
"Michael Kidd-Gilchrist",10.5,0.3,0.9,2.6,3.5,2.2,1.8,1,1,1.2,3.7,13.2,0.338,0.747,
"George King",12.8,1.6,4.6,2.6,3.3,1.5,3.6,1.1,0.7,2,3,16.1,0.359,0.769,
"Maxi Kleber",9.5,1.7,4.8,1.5,1.9,2.1,1.8,0.9,1.7,1.2,3.4,11.9,0.345,0.773,
"Brandon Knight",13.5,1.8,5.7,2,2.5,0.7,3.6,1,0.2,1.8,3,14.5,0.323,0.809,
"Kevin Knox",15,2.1,5.9,2.8,3.8,1.1,1.6,0.8,0.4,1.9,2.8,16.6,0.359,0.733,
"Furkan Korkmaz",13,2.4,7,2,2.5,1,3,1.5,0.2,1.4,3.3,15.3,0.339,0.802,
"Luke Kornet",13.1,3,8.2,1.8,2.2,1.3,2.8,1.2,1.8,1.3,2.2,15.3,0.368,0.808,
"Kyle Korver",12.2,3.5,8.6,1.5,1.8,0.3,2.2,0.7,0.4,1.5,2.9,15.4,0.403,0.833,
"Kosta Koufos",10.6,0.2,0.5,1,2,3.4,2.3,1.1,1,1.6,4.1,12.3,0.357,0.513,
"Rodions Kurucs",12.5,1.7,5,2.1,2.7,1.6,1.7,1.2,0.7,2.1,3.8,15.5,0.331,0.791,
,,,,,,,,,,,,,,,
,,,,,,,,,,,,,,,
"Kyle Kuzma",16.3,2.1,6.4,2.7,3.6,1.1,2.6,0.7,0.5,2,2.5,19.9,0.333,0.746,
"Skal Labissière",12.6,0.8,2,2.7,3.5,2.5,2.3,0.9,1.2,2.1,4,15.5,0.388,0.751,
"Jeremy Lamb",15.4,1.8,5,3.5,4,1,3,1.3,0.6,1.4,2.4,19.1,0.353,0.875,
"Zach LaVine",18.1,2.1,5.5,4.8,5.8,0.7,4.4,1,0.4,3.1,2.4,23.7,0.377,0.832,
"Jake Layman",11.7,1.6,4.9,1.5,2,1.5,1.7,0.9,0.8,1.3,3.1,14.6,0.325,0.72,
"T.J. Leaf",12.2,1,2.9,1.4,2.2,2.6,1.8,0.7,1,1,2.7,15.2,0.346,0.669,
"Courtney Lee",11.4,1.6,4.3,1.6,1.9,0.7,2.8,1.3,0.3,1.3,2.1,13.3,0.372,0.843,
"Damion Lee",12.8,2,5.8,2,2.5,1,2.1,1.4,0.2,1.3,2.6,15.3,0.355,0.806,
"Walt Lemon",16,1.1,2.8,2.2,2.9,1.1,5.1,1.7,0.5,2.2,3.2,17.6,0.377,0.748,
"Alex Len",13.2,1.1,3.1,3.5,5.2,3.8,2.1,0.7,1.6,2.2,4.5,18,0.365,0.674,
,,,,,,,,,,,,,,,
,,,,,,,,,,,,,,,
"Kawhi Leonard",19.4,2,5.4,6.2,7.3,1.3,3.6,1.9,0.5,2.2,1.7,27.2,0.369,0.855,
"Meyers Leonard",10.6,2,4.7,1.7,2.1,1.7,2.9,0.6,0.4,1.7,4.3,14.6,0.419,0.83,
"Jon Leuer",11.2,0.6,2.3,2.2,2.7,2,1.9,0.9,0.5,1.8,4,14.2,0.27,0.791,
"Caris LeVert",14.8,1.7,5,2.7,3.8,1.1,5.2,1.5,0.5,2.5,2.8,17.4,0.334,0.71,
"Damian Lillard",19.2,3,8.1,6.1,6.7,0.9,6.6,1.1,0.4,2.7,1.9,26,0.366,0.909,
"Jeremy Lin",13.8,1.5,4.8,4.3,5.1,0.6,5.7,1.2,0.4,3.1,3.6,17.9,0.306,0.832,
"Shaun Livingston",9.3,0.1,0.5,1.6,2,1.3,4.1,1.1,0.8,1.6,3.2,11,0.287,0.781,
"Zach Lofton",13.2,1.7,4.9,2.6,3.4,1.5,3.6,1.3,0.7,2.3,3,16.2,0.341,0.768,
"Kevon Looney",8.7,0.2,0.6,1.7,2.7,4.2,2.8,1.2,1.5,1.3,4.7,12.3,0.273,0.625,
"Brook Lopez",13.9,2.6,7.4,2.2,2.8,0.9,2,0.7,2.4,1.7,3.2,17.5,0.356,0.791,
,,,,,,,,,,,,,,,
,,,,,,,,,,,,,,,
"Robin Lopez",12.6,0.2,0.7,1.8,2.4,3,2.2,0.3,1.5,2.1,2.6,15.5,0.276,0.731,
"Kevin Love",16.1,2.9,7.5,5.2,5.9,2.2,2.5,0.8,0.4,2.2,2.8,21.8,0.382,0.88,
"Kyle Lowry",12.8,2.8,7.7,3,3.6,0.8,8.2,1.4,0.4,2.8,2.8,16.5,0.367,0.831,
"Jordan Loyd",12.9,1.9,4.9,3.5,4.4,1.3,3.8,0.9,0.6,1.9,3.1,17.3,0.397,0.79,
"Kalin Lucas",13,1.6,4.8,2.9,3.7,1.5,3.7,1.1,0.7,2,3.2,16.3,0.338,0.791,
"Timothé Luwawu-Cabarrot",11.8,2,6,2.1,2.7,0.7,2.1,0.9,0.4,1.5,4,13.5,0.329,0.792,
"Tyler Lydon",10.9,1.7,4.4,1.9,2.6,2,3.2,1,0.5,1.9,3.3,14,0.378,0.706,
"Trey Lyles",14.9,1.9,6,2.6,3.6,1.5,2.7,0.9,0.8,1.9,2.9,17.8,0.311,0.713,
"Scott Machado",13.1,1.7,4.5,2.6,3.3,1.4,3.9,1.2,0.7,1.9,3.2,16.8,0.382,0.779,
"Shelvin Mack",11.5,1.3,3.8,1.8,2.5,0.6,5.7,1.4,0.2,2.1,2.5,12.7,0.347,0.704,
,,,,,,,,,,,,,,,
,,,,,,,,,,,,,,,
"Daryl Macon",12.4,1.8,4.6,2.3,3.2,1.3,3.4,0.9,0.5,2.2,3.1,15.1,0.396,0.713,
"J.P. Macura",13.8,1.6,5.1,2.4,3.1,1.4,3.8,1,0.7,1.9,2.8,16.5,0.308,0.772,
"Ian Mahinmi",8.3,0.3,1,2.8,4.1,3.5,1.9,1.5,1.2,2.4,6.2,11.4,0.274,0.688,
"Thon Maker",10,1.5,4.6,2.1,3,1.8,1.8,0.9,1.7,1.3,4.1,12.2,0.332,0.696,
"Boban Marjanović",14.1,0.4,1.1,5.3,6.9,4.2,2.8,0.9,1.3,3,4.6,21.7,0.368,0.761,
"Lauri Markkanen",16.2,2.6,6.9,3.2,3.8,1.6,1.7,0.8,0.7,1.7,2.3,20.2,0.373,0.863,
"Jarell Martin",11.1,1.2,3.3,1.8,2.4,1.9,1.9,0.8,1,1.7,4.7,12.8,0.356,0.781,
"Frank Mason",13.8,1.2,4.2,3.3,4.3,0.9,5.8,1.3,0.4,2.5,2.7,15.9,0.295,0.757,
"Yante Maten",13.1,1.6,4.6,2.5,3.2,1.7,3.5,1.3,0.7,1.9,2.8,16.1,0.349,0.773,
"Wesley Matthews",12,2.5,6.8,2,2.5,0.5,2.8,1.1,0.3,1.5,2.6,14.1,0.368,0.808,
,,,,,,,,,,,,,,,
,,,,,,,,,,,,,,,
"Luc Mbah a Moute",8.6,1.3,3.6,1.5,2.3,0.7,1.4,1.5,0.6,1.5,2.6,11,0.361,0.678,
"Tahjere McCall",13.3,1.6,4.7,2.5,3.5,1.5,3.5,1.1,0.7,2,3.3,16.8,0.345,0.727,
"Patrick McCaw",8.1,1,3.2,1.3,1.6,0.8,2.9,1.6,0.4,1.5,2.8,9.3,0.307,0.801,
"CJ McCollum",18.5,2.4,6.3,2.6,3.1,0.8,3.3,0.9,0.5,1.8,2.4,21.9,0.386,0.838,
"T.J. McConnell",9.8,0.5,1.3,0.9,1.1,0.8,6.5,1.9,0.4,2.3,2.6,11.3,0.359,0.788,
"Doug McDermott",11.2,2,5,1.7,2,0.6,1.8,0.5,0.3,1.2,2.6,14.3,0.407,0.817,
"JaVale McGee",13.7,0.1,0.6,2.1,3.4,3.9,1.4,1,3,2.2,4.6,19,0.232,0.639,
"Rodney McGruder",10.4,1.7,4.9,1.2,1.7,1.4,2.6,0.9,0.3,1.4,2.7,11.6,0.353,0.708,
"Alfonzo McKinnie",10.4,1.6,4.3,1.2,2,2.7,1.5,0.7,0.6,1.2,4.6,12.8,0.357,0.616,
"Ben McLemore",12.8,2.1,5.7,2,2.5,1,1.8,1.2,0.5,1.9,4.1,15.1,0.374,0.777,
,,,,,,,,,,,,,,,
,,,,,,,,,,,,,,,
"Jordan McRae",13.8,1.3,4.2,2.9,3.6,0.9,3.2,1.3,0.7,1.7,2.9,16.8,0.317,0.79,
"Jodie Meeks",12.8,2.3,6.3,2.8,3.3,0.6,2.5,1,0.3,1.4,2,15.8,0.361,0.849,
"Salah Mejri",8.8,0.6,1.9,1.9,3,3.4,2.3,1,2.4,1.9,5.2,11.8,0.323,0.622,
"De'Anthony Melton",9.9,1.2,3.6,1.1,1.4,1,5.7,2.4,0.8,2.6,3.9,10.5,0.327,0.767,
"Chimezie Metu",13.7,0.9,2.8,3,3.8,1.9,3.5,1.3,0.6,2.8,3.2,15.1,0.337,0.775,
"Khris Middleton",16.3,2.3,6.1,3.4,4,0.7,4.5,1.3,0.2,2.5,2.9,20.4,0.373,0.854,
"C.J. Miles",14.1,3.3,9.4,2.1,2.5,0.6,1.6,1,0.6,1.2,3.4,16.2,0.352,0.829,
"Darius Miller",9.8,2.7,7,1.2,1.5,0.4,2.7,0.7,0.4,1.2,3.2,11.9,0.378,0.807,
"Malcolm Miller",12.2,2.6,6.4,2.1,2.6,1.2,2.3,0.8,0.7,1.6,2.9,15.8,0.414,0.788,
"Patty Mills",12.3,2.8,7.3,1.7,2,0.5,4.4,1,0.2,1.8,2.4,14.9,0.385,0.854,
,,,,,,,,,,,,,,,
,,,,,,,,,,,,,,,
"Paul Millsap",13.2,1.1,3.3,3.5,4.9,2.5,3,1.4,1.1,2,3.3,17,0.347,0.724,
"Shake Milton",12.3,1.8,5.4,1.5,1.9,1.4,3,1.1,1,1.3,3.5,13.8,0.339,0.758,
"Nikola Mirotić",15.5,3.1,8.6,2.8,3.4,1.6,1.8,1,1,1.5,2.9,19.6,0.366,0.826,
"Donovan Mitchell",20,2.6,7.1,4.1,5,0.8,4.4,1.5,0.4,2.9,2.8,24.4,0.364,0.811,
"Naz Mitrou-Long",11.7,1.5,4.8,2,2.6,1.2,4.6,0.9,0.6,2.5,3.5,13.6,0.312,0.795,
"Malik Monk",16.6,3.2,9.1,2.4,2.7,0.5,3.6,1,0.5,2.3,2.8,18.8,0.347,0.87,
"Greg Monroe",13.8,0.2,0.6,3.2,4.6,3.8,3.1,1.4,0.7,2.8,3.8,17.7,0.32,0.697,
"E'Twaun Moore",12.4,1.8,4.3,1,1.3,0.8,2.7,1,0.3,1.5,2.7,14.8,0.418,0.746,
"Eric Moreland",7.5,0.5,1.2,1,1.7,3,3.5,1.3,1.8,2.1,4.7,8.9,0.392,0.576,
"Jaylen Morris",12.7,1.4,4.2,1.9,2.6,1.2,3.6,1.2,0.6,2,2.3,14.7,0.336,0.742,
,,,,,,,,,,,,,,,
,,,,,,,,,,,,,,,
"Marcus Morris",14.6,2.3,6.2,2.6,3.1,1.2,2,0.8,0.4,1.6,2.9,17.6,0.367,0.823,
"Markieff Morris",13.2,1.6,4.6,2.1,2.6,1.6,2.4,1.1,0.7,1.9,4.4,15.5,0.346,0.796,
"Monte Morris",12.8,1.7,4.2,1.3,1.7,0.7,5.4,1.4,0.1,1,1.9,15.9,0.415,0.804,
"Donatas Motiejūnas",12.3,1.2,3.7,2.3,3.6,1.8,3.1,1.1,0.8,2.5,4,14.5,0.321,0.63,
"Johnathan Motley",15,0.7,2.4,3.9,6.1,2.8,2.8,1.1,0.7,2.6,4.3,20.1,0.304,0.632,
"Emmanuel Mudiay",15.8,1.5,4.6,3.2,4.1,0.8,5.4,1.1,0.4,3,2.3,18.5,0.335,0.779,
"Jamal Murray",16.2,2.3,6.1,2.9,3.4,1.1,4.8,1.1,0.4,2.3,2.3,19.8,0.379,0.871,
"Džanan Musa",14.6,1.6,5.5,2.2,3.2,1.5,3.4,1.3,0.6,2.3,2.6,17.3,0.288,0.695,
"Mike Muscala",10.3,2.2,6.2,1.9,2.3,1.7,2.2,0.8,1,1.4,3.3,13,0.357,0.834,
"Sviatoslav Mykhailiuk",11.9,2.2,6.5,1.5,2.1,1,3.3,1.2,0.3,1.8,2.3,12.7,0.343,0.683,
,,,,,,,,,,,,,,,
,,,,,,,,,,,,,,,
"Abdel Nader",11.2,1.7,4.9,1.6,2.3,0.9,1.6,1.1,0.7,1.7,3.3,12.6,0.336,0.714,
"Larry Nance",10,0.5,1.6,2,2.9,3.4,3.6,2,0.9,1.7,3.9,13.2,0.331,0.707,
"Shabazz Napier",14.2,2.3,6.7,3.4,4.1,0.7,4.4,1.7,0.5,2.3,2.3,17.3,0.349,0.829,
"Raul Neto",11.9,1.5,4.2,2.1,2.6,0.7,5.8,1.1,0.4,2.5,3.4,14.5,0.354,0.806,
"Georges Niang",12.8,2.6,6.6,1.7,2.1,1,2.8,0.9,0.5,1.8,3.6,16.2,0.393,0.803,
"Joakim Noah",10.7,0.3,0.8,3.3,4.8,3.2,4.2,1.1,1.4,2.5,4.7,14.2,0.333,0.687,
"Nerlens Noel",9.7,0.2,0.5,2,2.8,3.9,1.8,2.2,2.6,1.7,5,13.2,0.351,0.707,
"Dirk Nowitzki",15.6,2.5,7.2,1.9,2.3,0.4,2,0.7,0.8,1.1,3.1,17,0.346,0.83,
"Frank Ntilikina",11,1.3,4,1.1,1.5,0.7,5.1,1.3,0.5,2.4,3.8,10.6,0.317,0.757,
"James Nunnally",12.8,2.1,6.3,2.2,2.7,1,3.2,0.8,0.5,1.4,3.3,15.1,0.335,0.814,
,,,,,,,,,,,,,,,
,,,,,,,,,,,,,,,
"Jusuf Nurkić",15.3,0.1,0.6,4.3,5.9,3.9,3.6,1.2,1.9,3.1,4.3,20,0.199,0.729,
"David Nwaba",9.7,0.7,2.2,2.5,3.7,1.7,2.2,1.3,0.6,1.4,3.6,12.5,0.332,0.676,
"Royce O'Neale",8.1,1.5,3.8,1.1,1.4,0.6,2.8,1.2,0.5,1.6,3.5,10.1,0.381,0.781,
"Kyle O'Quinn",11.5,0.3,1.1,2.2,2.8,3.1,4.3,1,2.4,2.6,5.2,14.7,0.243,0.777,
"Semi Ojeleye",8.4,1.5,4.6,1.3,2,1.3,1.4,0.7,0.3,1.1,2.7,9.8,0.327,0.65,
"Jahlil Okafor",14,0.2,0.7,2.5,3.6,2.8,1.8,0.6,1.5,2.1,3.8,18.6,0.328,0.689,
"Élie Okobo",11.2,1.5,4.9,1.6,2,0.6,4.7,1.2,0.3,2.5,3.9,12.5,0.314,0.79,
"Josh Okogie",10.6,1.3,4.4,2.5,3.4,0.9,2.1,1.8,0.7,1.3,3.3,12.4,0.298,0.743,
"Victor Oladipo",17.9,2.2,6.2,3.4,4.5,0.7,4.8,2,0.6,2.7,2.4,21.9,0.359,0.769,
"Kelly Olynyk",11.8,2.1,5.9,2.8,3.5,1.6,3.3,1.1,0.7,2.5,3.9,16.3,0.361,0.798,
,,,,,,,,,,,,,,,
,,,,,,,,,,,,,,,
"Cedi Osman",12.2,1.9,5.3,2.1,2.7,0.8,2.9,0.9,0.2,1.7,3,14.7,0.357,0.762,
"Kelly Oubre",14.1,2,5.9,3.2,4.1,1.2,1.7,1.5,0.9,1.7,3.5,17.7,0.333,0.792,
"Zaza Pachulia",9,0.2,0.5,3.3,4.2,3.5,3.7,1.3,0.7,2.5,5.3,12.2,0.282,0.782,
"Jabari Parker",15.7,1.4,4,2.7,3.7,1.7,3.2,1,0.6,2.8,2.8,19.7,0.338,0.729,
"Chandler Parsons",12.8,2.1,6.1,1.5,2,0.6,3.3,1.2,0.5,2,3,14,0.344,0.785,
"Patrick Patterson",8.9,1.9,5.3,1.1,1.5,1.4,1.6,1,0.6,1,2.3,10,0.356,0.737,
"Justin Patton",13.1,1.5,4.5,2.6,3.4,1.8,3.9,1.5,0.7,1.8,3.7,16,0.336,0.746,
"Chris Paul",14.5,2.5,6.8,3.6,4.1,0.7,8.8,2,0.3,2.8,2.8,18.6,0.363,0.875,
"Cameron Payne",12.2,1.6,4.7,1.5,1.9,0.9,5.5,1.4,0.5,2.2,3.1,13.5,0.336,0.79,
"Elfrid Payton",12.7,0.8,2.6,2,2.8,1.4,8.3,1.4,0.5,3.1,2.6,14.6,0.322,0.704,
,,,,,,,,,,,,,,,
,,,,,,,,,,,,,,,
"Gary Payton",12.6,1.3,4.2,1.6,2.4,1.7,3.8,1.4,0.8,1.9,3.7,14.3,0.318,0.668,
"Theo Pinson",12.8,1.9,6.4,3,3.7,1.1,3.7,1.1,0.3,2.6,2.8,15.3,0.298,0.827,
"Mason Plumlee",9.6,0.1,0.4,2.3,4.3,3.2,4.6,1.3,1.6,2.5,4.8,13.5,0.291,0.545,
"Miles Plumlee",8.7,0.3,0.8,1.8,3.3,2.8,2.4,0.9,1,2.3,3.3,11.9,0.358,0.552,
"Jakob Pöltl",8.8,0.1,0.3,1.5,2.6,4.4,2.2,0.9,2,1.6,4,12.8,0.375,0.581,
"Quincy Pondexter",9.3,1,3.3,3.4,4.3,1.2,2.9,1.3,0.3,1.8,3.3,12.6,0.298,0.8,
"Otto Porter",13.2,2.1,5,1.7,2,1.4,2.4,1.7,0.6,1.2,2.3,16.6,0.422,0.818,
"Bobby Portis",16.9,1.9,5,2.3,3,3.1,2.3,1,0.5,2,3.5,20,0.384,0.782,
"Dwight Powell",10.3,0.8,2.5,3.6,4.8,2.9,2.3,1.2,0.9,1.4,4.1,16.4,0.317,0.758,
"Norman Powell",12.8,2,5.5,2,2.4,0.6,2.9,1.3,0.5,2.1,3.3,15.7,0.359,0.815,
,,,,,,,,,,,,,,,
,,,,,,,,,,,,,,,
"Alex Poythress",10.7,1.3,3.5,2.1,3,2.7,2.3,0.7,0.9,1.6,4.7,13.6,0.374,0.68,
"Zhou Qi",11.9,1.3,4.6,2.5,3.3,1.5,2.7,1,1.6,2.3,3.2,13.8,0.286,0.744,
"Ivan Rabb",11,0.3,1.1,2.4,3.3,3.3,2.8,0.9,0.8,1.9,4,14.8,0.301,0.745,
"Chasson Randle",11,2.1,5.4,2.3,3.2,0.7,4.5,1.2,0.3,2.1,4.2,14,0.394,0.733,
"Julius Randle",16.2,0.8,2.3,5.2,7.2,2.7,3.7,0.8,0.7,3.3,4.1,23.3,0.336,0.732,
"J.J. Redick",15.2,3.4,8.5,3.3,3.7,0.3,3.1,0.6,0.2,1.6,2.1,20,0.398,0.888,
"Davon Reed",11.8,1.6,4.7,1.7,2.3,1.1,2.8,1.2,0.5,1.7,2.7,12.9,0.35,0.745,
"Cameron Reynolds",11.8,2.5,6.2,1.7,2.1,1,2.6,1,0.5,1.2,3.4,14.8,0.402,0.816,
"Josh Richardson",13.4,2.1,5.7,2.4,2.8,0.8,3.8,1.3,0.7,1.7,2.8,15.9,0.364,0.853,
"Malachi Richardson",11.2,1.8,5.4,2.1,2.7,0.9,1.9,1,0.3,1.8,3.4,12.8,0.331,0.781,
,,,,,,,,,,,,,,,
,,,,,,,,,,,,,,,
"Austin Rivers",11.7,2,5.8,1.4,2.2,0.5,3.4,1,0.4,1.5,3.3,13.2,0.345,0.61,
"Devin Robinson",12.7,1.1,3.2,2.9,4,1.9,3.1,1.3,1.3,1.5,3.5,17,0.333,0.715,
"Duncan Robinson",11.8,2,6.2,1.8,2.4,1,2.4,1.1,0.4,1.5,2.8,14.1,0.318,0.743,
"Glenn Robinson",10.2,1.2,3.7,1.8,2.3,1.2,1.6,1,0.5,1.1,2.3,12,0.34,0.783,
"Jerome Robinson",12.6,2,5.8,1.4,1.9,0.8,2.7,1.2,0.5,1.6,4.4,14.3,0.338,0.739,
"Mitchell Robinson",8.4,0.2,0.5,2.3,3.6,4.5,1.3,1.4,4,1,5.3,13.6,0.371,0.631,
"Rajon Rondo",11.1,1.2,3.5,0.7,1.1,0.9,9.6,1.5,0.2,3.2,2.7,11.3,0.348,0.629,
"Derrick Rose",18.2,1.1,3.3,3.5,4.1,1,5.1,0.8,0.3,2.3,1.6,21.8,0.347,0.854,
"Terrence Ross",16,3.2,8.6,2,2.3,0.5,2.3,1.3,0.5,1.5,2.2,18.9,0.377,0.852,
"Terry Rozier",13.4,2.4,6.6,1.7,2.2,0.9,4.4,1.4,0.4,1.4,2.1,14.8,0.367,0.782,
,,,,,,,,,,,,,,,
,,,,,,,,,,,,,,,
"Ricky Rubio",13.1,1.4,4.4,3.6,4.2,0.7,7.5,1.8,0.2,3.3,3.3,15.8,0.324,0.859,
"D'Angelo Russell",20.9,3.2,8.7,2.5,3.3,0.8,7.8,1.4,0.4,3.7,2.2,24.1,0.369,0.778,
"Domantas Sabonis",13.3,0.4,0.9,3.6,4.9,3.3,3.7,0.9,0.6,2.8,4.4,18.8,0.388,0.732,
"Brandon Sampson",11.5,1.8,4.8,1.6,2.1,1,2.6,1.3,0.6,2,3.1,14.3,0.38,0.749,
"JaKarr Sampson",12,1.2,3.1,2.6,3.4,1.7,1.9,1,1.4,1.4,3.5,16.1,0.38,0.764,
"Dario Šarić",13.2,2.2,5.8,2.6,3,2.3,2.7,0.8,0.3,2,2.9,16.5,0.375,0.859,
"Tomáš Satoranský",8.9,1.1,2.6,2,2.5,1.4,6.3,1.3,0.3,2,2.9,11.8,0.402,0.804,
"Dennis Schröder",17.7,1.7,5.2,3.2,3.8,0.7,5.8,1.1,0.2,2.9,2.7,20.2,0.333,0.833,
"Mike Scott",11.8,2.2,5.6,0.9,1.4,1.2,2,0.7,0.3,1.5,3.9,13.6,0.393,0.681,
"Thabo Sefolosha",9.9,1.6,4,1.4,1.9,0.9,1.9,2.2,0.5,1.5,2.5,12.2,0.392,0.736,
,,,,,,,,,,,,,,,
,,,,,,,,,,,,,,,
"Wayne Selden",12.4,1.6,4.7,1.9,2.6,1,2.9,0.9,0.3,2.1,3.2,14,0.344,0.739,
"Collin Sexton",16.4,1.7,4.1,3,3.6,0.9,3.5,0.7,0.1,2.5,2.5,19.3,0.412,0.842,
"Landry Shamet",11.3,3.3,7.6,1.6,2,0.5,2.5,0.8,0.3,1,3,15,0.43,0.809,
"Iman Shumpert",10.5,2.1,6,1.1,1.4,0.8,2.6,1.3,0.6,1.4,3,11.4,0.346,0.785,
"Pascal Siakam",12.6,1,2.9,2.8,3.6,1.8,3.4,1.1,0.8,2,3.4,17.4,0.34,0.768,
"Jordan Sibert",13.2,1.9,4.9,2.6,3.4,1.5,3.6,1.1,0.7,2,3,16.9,0.385,0.768,
"Ben Simmons",13,0.1,0.3,3.2,5.2,2.2,8.3,1.6,0.9,3.5,2.7,17.8,0.234,0.603,
"Jonathon Simmons",12.5,1.1,3.5,2.8,3.7,1,3.6,1,0.4,2.4,3.1,14.5,0.305,0.756,
"Kobi Simmons",11.3,1,2.9,1.8,2.1,1,3.8,1.1,0.4,2.3,3.2,12.9,0.333,0.879,
"Anfernee Simons",14.5,2.2,5.9,2.6,3.8,1.2,3.6,0.8,0.4,2.3,2.7,18.3,0.364,0.678,
,,,,,,,,,,,,,,,
,,,,,,,,,,,,,,,
"Marcus Smart",10.2,1.9,5.5,2,2.6,1,5.4,2.1,0.5,2.2,3.1,12.2,0.347,0.789,
"Dennis Smith",16.2,1.7,5.3,2.4,3.6,0.9,6.1,1.5,0.4,3.4,2.9,18,0.33,0.674,
"Ish Smith",14,1,2.9,1.4,2,0.6,6.1,1,0.4,1.9,2.8,14.9,0.327,0.729,
"J.R. Smith",10.5,2.2,6.2,0.8,1.2,0.5,2.5,1.2,0.3,1.4,2.7,11.2,0.356,0.728,
"Jason Smith",12.3,1.3,4,2.2,2.7,2.2,2.3,0.7,1.4,2.2,5,14,0.32,0.814,
"Zhaire Smith",12.3,1.9,4.9,2.4,3.2,1.4,3.6,1,0.7,2,2.8,15.6,0.378,0.772,
"Tony Snell",9,2.1,5.2,0.9,1.1,0.6,1.9,0.8,0.5,0.7,2.3,11.1,0.398,0.832,
"Ray Spalding",12.4,0.9,2.8,1.9,3.2,2.6,2.6,1.7,1.3,2.1,4.2,15.3,0.323,0.592,
"Omari Spellman",11.3,2,5.5,1.7,2.3,3,2.4,1.2,1.1,1.5,2.9,13.2,0.356,0.735,
"Nik Stauskas",11.6,2.4,6.3,2,2.4,0.6,3,0.8,0.4,1.9,2,13.9,0.378,0.84,
,,,,,,,,,,,,,,,
,,,,,,,,,,,,,,,
"D.J. Stephens",13.2,1.6,4.6,2.5,3.3,1.5,3.5,1.3,0.7,2.2,3,16.3,0.354,0.766,
"Lance Stephenson",13.7,1.8,5.3,1.7,2.4,1.1,4.5,1.1,0.3,2.6,3.5,15.2,0.34,0.682,
"Edmond Sumner",12,1.4,4.6,2.6,3.8,1.6,2.6,1.7,0.8,1.9,3.8,13.9,0.309,0.688,
"Caleb Swanigan",11.7,0.8,2.6,2,2.8,2.6,2.9,1.2,0.5,2.9,4.9,12.5,0.292,0.722,
"Jayson Tatum",14.2,1.7,4.2,3,3.6,1,2.4,1.3,0.9,1.7,2.4,18.1,0.402,0.848,
"Jeff Teague",12.2,1.2,3.4,3.5,4.2,0.5,8.4,1.4,0.5,2.8,2.6,15.2,0.35,0.826,
"Garrett Temple",9.4,1.7,4.8,1.4,1.9,0.6,2.3,1.3,0.6,1.5,3.4,11,0.353,0.754,
"Miloš Teodosić",11.4,2.5,6.7,1.4,1.8,0.7,6.2,0.8,0.3,3.3,3.8,13.6,0.372,0.774,
"Jared Terrell",13,1.6,5,2,2.9,1.1,3.8,1.1,0.7,2.5,3.9,14.2,0.31,0.7,
"Emanuel Terry",13,1.5,4.2,2.7,3.8,2,3.7,1.6,0.7,2.2,3.4,16.8,0.365,0.72,
,,,,,,,,,,,,,,,
,,,,,,,,,,,,,,,
"Daniel Theis",10.3,1,2.7,2.3,3.1,3.3,2.6,1,1.6,1.6,5.9,14.4,0.364,0.747,
"Isaiah Thomas",18.3,2.6,7.9,5.5,6.4,0.8,5.7,0.9,0.2,3.3,2.6,23.2,0.329,0.858,
"Khyri Thomas",12.9,1.8,5.6,1.9,2.7,1.1,2.5,1.2,0.9,1.3,3.6,14,0.321,0.721,
"Lance Thomas",8.7,1.2,3.6,1.4,1.7,1.1,1.4,0.8,0.4,1.2,3.6,9.5,0.342,0.786,
"Klay Thompson",18.2,3.2,7.9,1.7,2.1,0.5,2.6,1,0.6,1.7,2,22.1,0.412,0.822,
"Tristan Thompson",9.9,0.1,0.3,1.9,3.1,4.6,2.1,0.8,0.7,1.5,2.9,12.6,0.351,0.607,
"Sindarius Thornwell",7.7,0.8,2.2,2.3,3.2,1,2.4,1.5,0.8,1.9,3.9,9.6,0.337,0.715,
"Anthony Tolliver",9.3,2.7,7,1.8,2.3,0.8,1.8,0.7,0.6,1.3,3,12.4,0.395,0.781,
"Karl-Anthony Towns",17,1.8,4.3,4.8,5.7,3.4,3.2,0.9,1.6,2.8,3.7,24.8,0.409,0.845,
"Gary Trent",14.4,1.7,5.5,2,3,1.1,2.9,0.8,0.7,1.7,2.3,15.6,0.31,0.676,
,,,,,,,,,,,,,,,
,,,,,,,,,,,,,,,
"Allonzo Trier",12.8,1.3,3.4,4.3,5.3,0.9,3.1,0.7,0.4,2.7,2.9,17.4,0.396,0.805,
"P.J. Tucker",7.1,1.8,4.8,0.7,1,1.5,1.3,1.6,0.5,1,3.3,8.1,0.368,0.715,
"Evan Turner",10.4,0.5,1.9,1.7,2.3,0.8,4.9,0.8,0.5,2.2,2.7,11.6,0.279,0.762,
"Myles Turner",12.9,1.2,3.1,2.8,3.7,1.8,2,1,2.9,1.7,3.4,16.9,0.384,0.766,
"Ekpe Udoh",7.8,0.3,0.9,2.1,3,2.7,2.8,1.5,2.9,1.3,4.2,11,0.344,0.702,
"Tyler Ulis",12.4,1,3.2,1.9,2.4,0.7,6.5,1.5,0.2,2.6,2.6,13.1,0.306,0.815,
"Jonas Valančiūnas",15.5,0.5,1.5,4,5,3.5,2,0.7,1.5,2.5,4.2,21.8,0.347,0.8,
"Jarred Vanderbilt",12.3,1.2,3.5,2.9,4,2.2,3.1,1.8,0.7,2.6,3.3,15.9,0.354,0.715,
"Fred VanVleet",12.5,2.3,5.9,2.1,2.5,0.5,6,1.3,0.4,1.7,2.5,15,0.393,0.837,
"Noah Vonleh",9.4,0.9,2.7,2.2,3.1,2.5,2.4,0.9,1,1.7,3.5,12,0.339,0.705,
,,,,,,,,,,,,,,,
,,,,,,,,,,,,,,,
"Nikola Vučević",18.6,1.2,3.4,2.3,2.9,2.9,4.2,1.2,1.3,2.3,2.5,22.2,0.347,0.782,
"Dwyane Wade",17.6,1.3,4.2,3.2,4.5,1.3,5.3,1.2,0.8,3.2,2.5,19.5,0.315,0.714,
"Moritz Wagner",13.6,1.8,5.8,3.3,4.1,1.5,2.5,1,1,2.8,4.1,17.1,0.311,0.809,
"Dion Waiters",15.4,2.8,7.8,1.3,2.1,0.4,4.1,1,0.4,2.3,2.4,16.9,0.364,0.635,
"Kemba Walker",19.8,3.1,8.6,4.6,5.4,0.6,5.9,1.2,0.4,2.5,1.6,24.9,0.366,0.848,
"Lonnie Walker",13.5,1.7,4.4,2.6,3.3,0.9,3.4,1.6,0.8,1.7,2.6,15.8,0.379,0.788,
"John Wall",17.4,1.5,4.7,4.3,5.9,0.6,9.3,1.6,0.9,3.9,2.2,21.1,0.326,0.731,
"Tyrone Wallace",11.8,0.5,1.8,2.2,3.3,1.1,2.8,1.2,0.5,2,4,13.1,0.281,0.655,
"Taurean Waller-Prince",13.7,2.6,6.7,2.3,2.8,0.7,2.9,1.3,0.6,2.5,2.9,17,0.391,0.826,
"Brad Wanamaker",11.8,1.7,4.3,2.5,3.1,0.7,5.1,1.2,0.4,2,3.4,15.2,0.389,0.823,
,,,,,,,,,,,,,,,
,,,,,,,,,,,,,,,
"T.J. Warren",16.4,1.2,3.2,2.8,3.6,1.5,1.7,1.3,0.7,1.4,2.9,20.3,0.381,0.786,
"Julian Washburn",9.4,1.1,3.9,1.3,1.7,1.3,2.6,1.6,0.5,1.4,2.6,10,0.279,0.763,
"Yuta Watanabe",11.9,1.1,4,2.1,2.8,1.2,2.7,1,0.5,1.6,2.7,12.4,0.263,0.745,
"Thomas Welsh",13.2,2,5.1,2.4,3.2,1.3,4,1,0.6,1.9,3,17.2,0.382,0.744,
"Russell Westbrook",20.6,1.6,5.3,4.8,6.8,1.6,10.2,1.8,0.4,4.6,3,24.2,0.299,0.711,
"Derrick White",11.4,1.1,3.1,2.1,2.7,0.8,5.3,1.4,1,2,3,14.2,0.356,0.771,
"Okaro White",10.3,1.4,4,2,2.6,1.7,2.5,0.9,0.7,1.6,3.1,12.4,0.338,0.788,
"Hassan Whiteside",14.6,0.1,0.5,2.7,5,4.9,1.3,1,2.6,2.2,3.8,19,0.277,0.542,
"Andrew Wiggins",16.6,1.5,4.5,3,4.3,1.1,2.4,1,0.6,1.9,2.1,19,0.346,0.702,
"Alan Williams",13.1,0.7,2.1,3,4.5,2.9,2.8,1.4,1,2.1,4.5,16.6,0.34,0.673,
,,,,,,,,,,,,,,,
,,,,,,,,,,,,,,,
"C.J. Williams",10.7,1.3,4.2,1,1.3,0.8,2.8,1.5,0.5,1.4,3.4,12.1,0.308,0.751,
"Johnathan Williams",11.5,0.5,1.6,2.7,4.3,3.7,2,0.9,0.7,1.7,5,15.9,0.333,0.62,
"Kenrich Williams",9.8,1.7,5.1,0.7,1,1.8,2.9,1.5,0.7,1.3,3.1,10.4,0.341,0.727,
"Lou Williams",19.4,2.2,6.2,6.8,7.8,0.7,6.3,1.1,0.3,3.2,1.6,25.4,0.356,0.873,
"Marvin Williams",10.9,2.2,6,1.5,1.8,1.3,1.7,1.1,0.9,1,2.5,13,0.371,0.799,
"Robert Williams",9,0.6,1.8,1.7,2.5,2.8,2,1.2,3.6,1.5,3.9,12.9,0.365,0.696,
"Troy Williams",11.9,1.5,4.7,1.7,2.5,1.6,2,1.5,0.8,1.6,3.8,14.2,0.323,0.683,
"D.J. Wilson",10.6,1.9,5,1.3,2.1,1.8,2.4,0.8,0.8,1.4,3.3,12.4,0.371,0.615,
"Justise Winslow",12.8,1.5,4.1,1.6,2.5,1.3,4.6,1.3,0.5,2.3,3.1,14.4,0.382,0.648,
"Christian Wood",15.1,1.4,4,4.6,6.2,2.2,2.1,1.1,1.2,2.3,2.7,21.4,0.352,0.746,
,,,,,,,,,,,,,,,
,,,,,,,,,,,,,,,
"Delon Wright",11.6,1.2,3.7,2.5,3.2,1.4,5.1,1.8,0.7,1.8,2.2,14,0.324,0.801,
"Guerschon Yabusele",11.3,1.5,4.5,2.4,3.3,2.6,2.7,1,0.9,2,3.8,14.3,0.341,0.716,
"Nick Young",13,3.1,8.1,1.6,1.9,0.6,1.4,0.9,0.3,1.2,2.8,15.5,0.378,0.834,
"Thaddeus Young",12,0.8,2.3,1.1,1.7,2.6,2.6,1.8,0.5,1.7,2.7,14.1,0.34,0.632,
"Trae Young",17.7,2.3,6.7,4.9,5.9,1,9.3,1.1,0.3,4.2,2,22.5,0.337,0.834,
"Cody Zeller",10,0.3,0.8,3.2,4.2,3.1,2.7,1.1,1.2,1.8,4.5,14.3,0.327,0.76,
"Tyler Zeller",11.3,0.5,1.4,2.3,3.2,3.2,2,0.6,1.1,1.6,4.3,14.7,0.344,0.729,
"Ante Žižić",11.3,0.2,0.6,3.1,4.3,3.4,2,0.5,0.9,2,3.7,16.1,0.366,0.72,
"Ivica Zubac",12.9,0.2,0.5,3.4,4.2,3.7,2.4,0.6,1.6,2.3,4.3,17.8,0.351,0.794,
